,Original M1,PG Improved,DQN
Col 0,0.050880626223091974,0.043233082706766915,0.09216589861751152
Col 1,0.07240704500978473,0.06203007518796992,0.15668202764976957
Col 2,0.10567514677103718,0.11654135338345864,0.10714285714285714
Col 3,0.6086105675146771,0.575187969924812,0.04723502304147465
Col 4,0.0958904109589041,0.11090225563909774,0.3836405529953917
Col 5,0.0547945205479452,0.06766917293233082,0.04032258064516129
Col 6,0.011741682974559686,0.02443609022556391,0.1728110599078341
